repo;sha
apache/commons-cli;17de58009bf9dada031a7b3891014c6de5a089bf
jhy/jsoup;a7ec14364e2f9f84ecb795814b4fd05d028f709d
FasterXML/jackson-core;3c0bcb749b106d6b80cd1d1d133cf1c97b66e752
apache/commons-codec;77fcf89711a0e20393105a1247c41968f6eb58d4
apache/commons-csv;6f93c7edfa0f758f757227b1d30588411fdbf669
apache/commons-text;283eaf49586331a7adc0b28fdfa5e8f09df87123
stleary/JSON-java;d749ee16abd084ae94785c7afe954de25d921a5d
jline/jline3;923486a961db66e70a7c5e8ff366f248512cef02
jOOQ/jOOL;31ed3a398fd099206f62438b80a2a93dd7e2105d
HdrHistogram/HdrHistogram;de84b0a7de2378abfc405da503bf4898e84ea98e
